id,document_no,name,date_of_birth
0,162075,William English,1936-04-06
1,720877,Emma Spencer,2011-08-19
2,932045,Teresa Chandler,1934-04-06
3,135003,Jeffrey Sutton,1959-12-18
4,132242,Randall Kim,1922-11-08
5,846396,John Welch,1913-11-12
6,817346,Christopher Coffey,1939-09-22
7,322903,Jerry Flores,1979-10-16
8,424523,Daniel Lewis,1934-02-12
9,251319,Andrew Hobbs,1921-12-19
10,430383,Marie Lewis,1987-01-08
11,286546,Carrie Smith,1975-07-28
12,423007,Natasha Houston,1980-12-18
13,811285,Jimmy Koch,1947-09-03
14,610019,Curtis Evans,1988-12-04
15,432411,Christopher Avila,1974-04-03
16,524046,Joshua Wise,1927-06-05
17,222417,Taylor Mccarthy,1931-05-22
18,955444,Crystal Henderson,1956-02-19
19,705544,Joseph Murray,2006-04-27
20,747284,Cory Richards,2011-10-20
21,177228,Mitchell Cunningham,1933-09-28
22,230320,Rachael Summers,1983-09-11
23,999532,Rachel Freeman,1985-02-23
24,944666,Jacqueline Graham,1953-08-21
25,940721,Monica Moyer,2000-07-09
26,284350,Kathryn Wilson,1985-06-20
27,565058,Laura Vincent,2011-06-17
28,591268,Ann Johnson,1923-09-03
29,539005,Dr. Marcus Williams MD,1941-03-01
30,576814,Wendy Hall,2012-09-22
31,166016,Yvette Humphrey,1945-12-31
32,883761,Spencer Miller,1959-01-12
33,230270,Katherine Thomas,1968-03-30
34,293361,Christopher Combs,1952-01-09
35,160844,Brittany Howe,1982-01-02
36,938521,Jacob Rodriguez,2018-08-25
37,137132,Monica Evans,1953-07-06
38,803457,Paul Andrews,2023-04-10
39,518323,Courtney Mathews,1911-04-19
40,294317,Michelle Lowe,1928-05-04
41,190117,Julia Williams,1956-08-27
42,159691,Danielle Taylor,1934-11-16
43,979971,Lucas Contreras,1967-02-18
44,838774,April Marshall,1949-08-04
45,197413,Janet Waters,1949-10-07
46,838760,Wendy Stein,2014-10-23
47,550406,Michele Baker,1945-05-06
48,942818,Ricky Johnson,2016-02-16
49,871997,Sonya Cortez,2004-09-20
50,686898,Rachel Rowe,1919-10-27
51,409483,Angela Anderson,1981-04-12
52,476563,Brian Hernandez,1951-03-29
53,115917,Thomas Thomas,1916-10-30
54,489698,Michelle Washington,1928-03-18
55,235084,Jasmine Thompson,2011-09-02
56,338363,Michael Johnson,2018-09-08
57,710207,Kimberly Edwards,1976-10-11
58,964266,Nicholas Vaughn,1933-03-20
59,722132,David Torres,1975-03-02
60,309615,Dana Miller,1995-03-17
61,241424,Tiffany Fisher,2010-12-01
62,503104,Julie Hensley,1912-01-24
63,753795,Cheryl Thomas,1978-10-29
64,271812,Holly Conley,2015-09-08
65,573851,Benjamin Reed,1929-11-13
66,132893,Jeremy Landry,1908-11-19
67,267139,Christine Gross,1921-05-05
68,148294,Amanda Brown,1970-07-13
69,966627,Mary Smith,1945-12-16
70,652277,Jonathan Cohen,1976-10-11
71,368356,Jill Luna,2006-10-11
72,278360,Deborah Mitchell,1966-03-07
73,180115,Valerie House,1982-01-25
74,478432,Ashley Bowers,1941-04-01
75,979131,Mr. John Brown MD,2005-11-11
76,494052,Brian West,1985-11-30
77,198247,Jacqueline Garcia,1909-08-19
78,497764,Arthur Martinez,1937-05-26
79,215689,Brittany Madden,1954-05-01
80,333741,Danielle Allen,1940-02-08
81,914335,Kenneth Noble,1954-06-18
82,239146,Rachel Houston,1947-10-17
83,582991,Ms. Autumn Bowers MD,2022-11-26
84,772825,Katherine Lopez,1933-01-06
85,948357,Michael Sanchez,1985-10-12
86,298950,Ryan Barrett,1920-03-05
87,437134,Miguel Nicholson,1945-09-05
88,207281,Christopher Pace,1934-04-16
89,500409,Robert Hutchinson,2021-12-25
90,173159,Megan Meadows,1962-03-16
91,636038,Ashley Bradley,1974-03-29
92,494905,Ashley Webb,1990-09-06
93,563983,Amy Lopez,1945-01-03
94,578637,Christina Palmer,1958-09-12
95,806571,Eileen Ayala,1913-03-21
96,457269,Adam Carter,1983-03-20
97,286971,Edward Simon,1984-10-22
98,877651,Andrew Thornton,1950-11-11
99,160576,Courtney Stanton,2016-07-20
100,963223,Brianna Lee,1921-04-05
101,936061,Eric Reeves,1993-06-19
102,850175,Kara Shepard,2015-12-02
103,562369,Lauren Duncan,2000-03-26
104,736221,Paul Jackson,2019-12-09
105,464894,Patricia Gilmore,1929-10-02
106,115523,Lorraine Webb,2010-03-26
107,780737,Jonathan Murray,2008-04-17
108,486756,Lindsay Stevens,1947-10-14
109,641961,John Short,1920-11-04
110,963354,Raymond Butler,1947-03-03
111,285687,Alejandro Turner,1978-10-19
112,202973,David Murphy,2022-07-30
113,593710,John Stevenson,1946-04-15
114,183187,Janice Jenkins,1947-04-14
115,990981,Paul Anderson,2006-06-06
116,266694,Jennifer Vincent,1975-09-17
117,783404,Scott Bryant,1954-01-20
118,130309,Scott Douglas,2007-06-21
119,172840,Joshua Watts,2009-09-09
120,288059,Bryan Rodriguez,1988-04-04
121,307628,Nicholas Wiggins,1921-05-31
122,688165,Thomas Nguyen,1925-02-01
123,781256,Jennifer Garrett,2010-01-12
124,453337,Kathleen Marshall,2005-06-30
125,444730,Larry Dixon,1959-11-21
126,608358,Christopher Peterson,1980-09-12
127,946230,Franklin Hernandez,2010-12-21
128,834607,Kevin Smith,2001-06-27
129,151141,Janet Hale,2000-11-18
130,192458,Michael Dillon,1974-02-15
131,982444,Mark Carrillo,2019-07-15
132,763943,Vincent Nolan,2020-08-31
133,415653,John Smith,1915-06-28
134,447343,Virginia Lyons,2024-04-12
135,711708,Wendy Stafford,2013-06-27
136,329944,Shawn Howell,1950-03-02
137,689070,Christopher Lawson,2007-08-30
138,816245,Jason Mitchell,2013-05-24
139,379168,Jonathan Martinez,1937-07-20
140,756397,Katherine Baker,2010-08-09
141,762868,Shannon Lee,1940-01-04
142,575403,Mary Mitchell,1959-01-04
143,336313,Denise Davis,1955-02-24
144,405319,Phillip Copeland,1924-07-06
145,533579,Matthew Duffy,1970-10-11
146,153219,Brent Allen,1920-07-16
147,474464,Danielle Munoz,1959-10-25
148,534020,Ryan Griffin,1920-12-08
149,216129,Timothy Lawson,2023-12-17
150,743306,Brandon Ingram,1992-07-30
151,357864,Candice Dominguez,2019-01-20
152,278571,Roy Allen,1950-08-31
153,395891,Susan Anderson,1970-09-29
154,344636,Suzanne Kidd,2013-05-20
155,440365,James Cohen,1949-08-24
156,495774,Linda Simpson,2001-12-01
157,867172,Michael Soto,1931-01-10
158,643604,Todd Vazquez,1956-12-06
159,260117,Brianna Walton,1973-09-01
160,425769,Brian Fischer,1914-12-01
161,279392,Ronald Martin,1994-06-06
162,696264,Mary Bates,1958-11-28
163,884178,Jacob Hughes,1908-12-31
164,392017,Laura Robinson,2016-07-24
165,254894,Peter Oconnell,1979-11-12
166,985281,Lynn Smith,1974-09-15
167,315485,Alexis Green,1973-03-02
168,648821,Claire Estes,1952-04-03
169,632075,Marie Cruz,1944-09-05
170,303178,Nicholas White,1983-02-19
171,564425,Matthew Harris,1991-03-13
172,613434,Arthur Lee,2017-09-01
173,366816,James Levy,2018-11-25
174,812810,Mrs. Mercedes Rivera DVM,2024-04-05
175,312622,Dr. Taylor Kelly,1938-12-09
176,672934,Allison Brady,1999-01-31
177,245412,Tammy Wong,2007-06-11
178,364367,Brian Lopez,2000-02-11
179,422254,Michelle Gutierrez,1929-08-14
180,155203,Jeremy Morrow,2011-10-09
181,730043,Jennifer Washington,1996-04-15
182,420793,Tammy Swanson,1915-08-20
183,157138,Daniel Harrison,1921-04-18
184,628992,Steven Reid,1945-11-09
185,225793,Mrs. Patricia Martinez,2013-09-12
186,479088,James Mullen,2011-10-26
187,933762,Larry Molina,1953-05-29
188,223909,Mr. Jason Fuller Jr.,1988-08-22
189,434121,Patrick Contreras,2004-11-03
190,232947,Jenny Miller,1930-02-24
191,403162,Robert Green,2007-02-09
192,788086,Michelle Nelson,2023-05-21
193,237050,Kimberly Bell,1952-06-01
194,913363,Rebecca Weaver,2019-09-27
195,811542,Kyle Roberts,2023-01-16
196,649649,Jesus Long MD,1993-07-06
197,300588,Cristian Willis,1916-09-29
198,213210,Jonathan Cook,1960-10-12
199,356341,Darren Cantu,1935-11-01
